id,user_id,code,expires_at,used,created_by_id,created_at,updated_at,created_date,updated_date,is_sample
00000000-6a7f-2575-c3fe-0b5b4b0b2022,00000000-6a7c-9112-2a05-e655a342fc18,498964,2026-08-14T14:35:57.483+00:00,True,aebac85e-c16b-4e0d-a0e1-9e79ea35a37b,2026-08-17T01:15:05.477085+00:00,2026-08-17T01:15:05.477085+00:00,2026-08-17T01:15:05.477085+00:00,2026-08-17T01:15:05.477085+00:00,False
00000000-6a7c-9eb7-785e-b3687b84fbca,00000000-6a67-0dff-96c4-6b62aaca0b7e,127691,2026-08-12T16:36:31.455+00:00,True,aebac85e-c16b-4e0d-a0e1-9e79ea35a37b,2026-08-17T01:15:05.477085+00:00,2026-08-17T01:15:05.477085+00:00,2026-08-17T01:15:05.477085+00:00,2026-08-17T01:15:05.477085+00:00,False
00000000-6a7c-9ac9-0724-c1049ea37e52,00000000-6a67-0dff-96c4-6b62aaca0b7e,331244,2026-08-12T16:19:45.915+00:00,True,aebac85e-c16b-4e0d-a0e1-9e79ea35a37b,2026-08-17T01:15:05.477085+00:00,2026-08-17T01:15:05.477085+00:00,2026-08-17T01:15:05.477085+00:00,2026-08-17T01:15:05.477085+00:00,False
00000000-6a7c-9888-2b08-c23182d1bd73,00000000-6a67-0dff-96c4-6b62aaca0b7e,191882,2026-08-12T16:10:08.209+00:00,True,aebac85e-c16b-4e0d-a0e1-9e79ea35a37b,2026-08-17T01:15:05.477085+00:00,2026-08-17T01:15:05.477085+00:00,2026-08-17T01:15:05.477085+00:00,2026-08-17T01:15:05.477085+00:00,False
00000000-6a7b-9b45-dd8f-e51cc903ff01,00000000-6a67-0dff-96c4-6b62aaca0b7e,646186,2026-08-11T22:09:33.36+00:00,True,aebac85e-c16b-4e0d-a0e1-9e79ea35a37b,2026-08-17T01:15:05.477085+00:00,2026-08-17T01:15:05.477085+00:00,2026-08-17T01:15:05.477085+00:00,2026-08-17T01:15:05.477085+00:00,False
00000000-6a7b-92fd-82d7-ff5b047f3620,00000000-6a67-0dff-96c4-6b62aaca0b7e,415996,2026-08-11T21:34:13.455+00:00,True,aebac85e-c16b-4e0d-a0e1-9e79ea35a37b,2026-08-17T01:15:05.477085+00:00,2026-08-17T01:15:05.477085+00:00,2026-08-17T01:15:05.477085+00:00,2026-08-17T01:15:05.477085+00:00,False
00000000-6a7b-92b8-5887-eaebcb652f27,00000000-6a67-0dff-96c4-6b62aaca0b7e,208698,2026-08-11T21:33:04.612+00:00,True,aebac85e-c16b-4e0d-a0e1-9e79ea35a37b,2026-08-17T01:15:05.477085+00:00,2026-08-17T01:15:05.477085+00:00,2026-08-17T01:15:05.477085+00:00,2026-08-17T01:15:05.477085+00:00,False
00000000-6a7b-8ec1-a679-3a46fbb20c61,00000000-6a67-0dff-96c4-6b62aaca0b7e,523869,2026-08-11T21:16:09.75+00:00,True,aebac85e-c16b-4e0d-a0e1-9e79ea35a37b,2026-08-17T01:15:05.477085+00:00,2026-08-17T01:15:05.477085+00:00,2026-08-17T01:15:05.477085+00:00,2026-08-17T01:15:05.477085+00:00,False
00000000-6a7b-8c61-3c2b-fa69ff89963a,00000000-6a67-0dff-96c4-6b62aaca0b7e,846709,2026-08-11T21:06:01.384+00:00,True,aebac85e-c16b-4e0d-a0e1-9e79ea35a37b,2026-08-17T01:15:05.477085+00:00,2026-08-17T01:15:05.477085+00:00,2026-08-17T01:15:05.477085+00:00,2026-08-17T01:15:05.477085+00:00,False
00000000-6a7b-88ed-bd90-f59c2d105180,00000000-6a67-0dff-96c4-6b62aaca0b7e,137113,2026-08-11T20:51:17.471+00:00,True,aebac85e-c16b-4e0d-a0e1-9e79ea35a37b,2026-08-17T01:15:05.477085+00:00,2026-08-17T01:15:05.477085+00:00,2026-08-17T01:15:05.477085+00:00,2026-08-17T01:15:05.477085+00:00,False
00000000-6a7b-8669-f2a0-10ddfa67bec5,00000000-6a67-0dff-96c4-6b62aaca0b7e,200957,2026-08-11T20:40:33.789+00:00,True,aebac85e-c16b-4e0d-a0e1-9e79ea35a37b,2026-08-17T01:15:05.477085+00:00,2026-08-17T01:15:05.477085+00:00,2026-08-17T01:15:05.477085+00:00,2026-08-17T01:15:05.477085+00:00,False
00000000-6a7b-858c-930d-91bd41febf76,00000000-6a67-0dff-96c4-6b62aaca0b7e,756320,2026-08-11T20:36:52.852+00:00,True,aebac85e-c16b-4e0d-a0e1-9e79ea35a37b,2026-08-17T01:15:05.477085+00:00,2026-08-17T01:15:05.477085+00:00,2026-08-17T01:15:05.477085+00:00,2026-08-17T01:15:05.477085+00:00,False
00000000-6a7b-84af-6f7c-786b02f7ce40,00000000-6a67-0dff-96c4-6b62aaca0b7e,443519,2026-08-11T20:33:11.622+00:00,True,aebac85e-c16b-4e0d-a0e1-9e79ea35a37b,2026-08-17T01:15:05.477085+00:00,2026-08-17T01:15:05.477085+00:00,2026-08-17T01:15:05.477085+00:00,2026-08-17T01:15:05.477085+00:00,False
00000000-6a7b-8372-dc71-e9d7f2e24a41,00000000-6a67-0dff-96c4-6b62aaca0b7e,894943,2026-08-11T20:27:54.586+00:00,True,aebac85e-c16b-4e0d-a0e1-9e79ea35a37b,2026-08-17T01:15:05.477085+00:00,2026-08-17T01:15:05.477085+00:00,2026-08-17T01:15:05.477085+00:00,2026-08-17T01:15:05.477085+00:00,False
00000000-6a73-7cbf-c176-8397c2e07cf2,00000000-6a67-0dff-96c4-6b62aaca0b7e,191782,2026-08-05T18:21:11.333+00:00,True,aebac85e-c16b-4e0d-a0e1-9e79ea35a37b,2026-08-17T01:15:05.477085+00:00,2026-08-17T01:15:05.477085+00:00,2026-08-17T01:15:05.477085+00:00,2026-08-17T01:15:05.477085+00:00,False
00000000-6a73-7c42-dadb-910df9a1f532,00000000-6a67-0dff-96c4-6b62aaca0b7e,137871,2026-08-05T18:19:06.55+00:00,True,aebac85e-c16b-4e0d-a0e1-9e79ea35a37b,2026-08-17T01:15:05.477085+00:00,2026-08-17T01:15:05.477085+00:00,2026-08-17T01:15:05.477085+00:00,2026-08-17T01:15:05.477085+00:00,False
00000000-6a73-721f-e901-6f032cabf841,00000000-6a67-0dff-96c4-6b62aaca0b7e,816076,2026-08-05T17:35:51.163+00:00,True,aebac85e-c16b-4e0d-a0e1-9e79ea35a37b,2026-08-17T01:15:05.477085+00:00,2026-08-17T01:15:05.477085+00:00,2026-08-17T01:15:05.477085+00:00,2026-08-17T01:15:05.477085+00:00,False
00000000-6a73-6255-42d6-05f8ed31ea0b,00000000-6a67-0dff-96c4-6b62aaca0b7e,706958,2026-08-05T16:28:29.844+00:00,True,aebac85e-c16b-4e0d-a0e1-9e79ea35a37b,2026-08-17T01:15:05.477085+00:00,2026-08-17T01:15:05.477085+00:00,2026-08-17T01:15:05.477085+00:00,2026-08-17T01:15:05.477085+00:00,False
00000000-6a73-5ef5-e624-148a6463800c,00000000-6a67-0dff-96c4-6b62aaca0b7e,652865,2026-08-05T16:14:05.457+00:00,True,aebac85e-c16b-4e0d-a0e1-9e79ea35a37b,2026-08-17T01:15:05.477085+00:00,2026-08-17T01:15:05.477085+00:00,2026-08-17T01:15:05.477085+00:00,2026-08-17T01:15:05.477085+00:00,False
00000000-6a73-5dc7-b488-65c3e5974ee7,00000000-6a67-0dff-96c4-6b62aaca0b7e,225822,2026-08-05T16:09:02.989+00:00,True,aebac85e-c16b-4e0d-a0e1-9e79ea35a37b,2026-08-17T01:15:05.477085+00:00,2026-08-17T01:15:05.477085+00:00,2026-08-17T01:15:05.477085+00:00,2026-08-17T01:15:05.477085+00:00,False
00000000-6a72-72e5-4a06-fd277ba01db1,00000000-6a67-0dff-96c4-6b62aaca0b7e,401767,2026-08-04T23:26:53.883+00:00,True,aebac85e-c16b-4e0d-a0e1-9e79ea35a37b,2026-08-17T01:15:05.477085+00:00,2026-08-17T01:15:05.477085+00:00,2026-08-17T01:15:05.477085+00:00,2026-08-17T01:15:05.477085+00:00,False
00000000-6a72-6f6e-2c35-ec25678bed82,00000000-6a67-0dff-96c4-6b62aaca0b7e,130296,2026-08-04T23:12:05.981+00:00,True,aebac85e-c16b-4e0d-a0e1-9e79ea35a37b,2026-08-17T01:15:05.477085+00:00,2026-08-17T01:15:05.477085+00:00,2026-08-17T01:15:05.477085+00:00,2026-08-17T01:15:05.477085+00:00,False
00000000-6a72-678a-44b6-345e173d3cea,00000000-6a67-0dff-96c4-6b62aaca0b7e,901462,2026-08-04T22:38:26.714+00:00,True,aebac85e-c16b-4e0d-a0e1-9e79ea35a37b,2026-08-17T01:15:05.477085+00:00,2026-08-17T01:15:05.477085+00:00,2026-08-17T01:15:05.477085+00:00,2026-08-17T01:15:05.477085+00:00,False
00000000-6a72-66ed-b0c8-f36b53f91ef6,00000000-6a67-0dff-96c4-6b62aaca0b7e,232174,2026-08-04T22:35:48.982+00:00,True,aebac85e-c16b-4e0d-a0e1-9e79ea35a37b,2026-08-17T01:15:05.477085+00:00,2026-08-17T01:15:05.477085+00:00,2026-08-17T01:15:05.477085+00:00,2026-08-17T01:15:05.477085+00:00,False
00000000-6a72-6425-f2e5-ce6420a05820,00000000-6a67-0dff-96c4-6b62aaca0b7e,253022,2026-08-04T22:23:57.314+00:00,True,aebac85e-c16b-4e0d-a0e1-9e79ea35a37b,2026-08-17T01:15:05.477085+00:00,2026-08-17T01:15:05.477085+00:00,2026-08-17T01:15:05.477085+00:00,2026-08-17T01:15:05.477085+00:00,False
